{
  "nombre": "Tercer Viernes de Cuaresma",
  "ida": [
    [14.30121528896382, -90.78618065786368],
  [14.300663563221848, -90.7862548083143],
  [14.300825231833766, -90.78738295443905],
  [14.299737315942695, -90.78753221551439],
  [14.298710499776067, -90.78768147309685],
  [14.298402756590876, -90.78777224434847],
  [14.298661942161694, -90.78853758293158],
  [14.298720964580703, -90.78857200995874],
  [14.299226503748407, -90.79064292612809],
  [14.2997012476179, -90.79047343938484]

  ],
  "regreso": [
  [14.299709186821463, -90.79046267127316],
  [14.299177746216476, -90.78848461839965],
  [14.300985427064516, -90.7881767699471],
  [14.300716182723013, -90.78629182738803],
  [14.301243798272095, -90.78622745437481]

  ]
}
